"","To.OriginalRow","From.OriginalRow","km","To.xcord","To.ycord","From.xcord","From.ycord","BetaSim","Sorenson","MNTD"
"1",163,1,11126.1571526117,-786282.108380102,8214047.84807365,-2386282.1083801,8710047.84807365,0,0.2,0.613457611805665
"2",163,2,12129.5470426397,-786282.108380102,8214047.84807365,-2286282.1083801,8710047.84807365,0,0.2,0.613457611805665
"3",163,3,10335.8061776762,-786282.108380102,8214047.84807365,-2186282.1083801,8710047.84807365,0,0.2,0.613457611805665
"4",163,4,8661.2955737935,-786282.108380102,8214047.84807365,-2086282.1083801,8710047.84807365,0,0.2,0.613457611805665
"5",163,5,10335.8061775612,-786282.108380102,8214047.84807365,-1986282.1083801,8710047.84807365,0,0.2,0.613457611805665
"6",457,1,9260.89492011109,-5086282.1083801,7718047.84807365,-2386282.1083801,8710047.84807365,0.283019879341117,0.5,2.00831130055702
"7",457,2,0.000134414476389852,-5086282.1083801,7718047.84807365,-2286282.1083801,8710047.84807365,0.283019879341117,0.5,2.00831130055702
"8",457,3,17610.727635608,-5086282.1083801,7718047.84807365,-2186282.1083801,8710047.84807365,0.283019879341117,0.5,2.00831130055702
"9",457,4,14776.6777241784,-5086282.1083801,7718047.84807365,-2086282.1083801,8710047.84807365,0.283019879341117,0.5,2.00831130055702
"10",457,5,17610.7276357249,-5086282.1083801,7718047.84807365,-1986282.1083801,8710047.84807365,0.283019879341117,0.5,2.00831130055702
"11",2760,1,13158.5810047498,-4186282.1083801,5982047.84807365,-2386282.1083801,8710047.84807365,0.0542810195842561,1,3.33810377621681
"12",2760,2,13358.8645883251,-4186282.1083801,5982047.84807365,-2286282.1083801,8710047.84807365,0.0542810195842561,1,3.33810377621681
"13",2760,3,4918.18289443511,-4186282.1083801,5982047.84807365,-2186282.1083801,8710047.84807365,0.0542810195842561,1,3.33810377621681
"14",2760,4,4815.92591560498,-4186282.1083801,5982047.84807365,-2086282.1083801,8710047.84807365,0.0542810195842561,1,3.33810377621681
"15",2760,5,4918.18289443787,-4186282.1083801,5982047.84807365,-1986282.1083801,8710047.84807365,0.0542810195842561,1,3.33810377621681
"16",2929,1,12893.923364629,-4486282.1083801,5858047.84807365,-2386282.1083801,8710047.84807365,0.0542810195842561,1,3.27057070744514
"17",2929,2,13716.038412716,-4486282.1083801,5858047.84807365,-2286282.1083801,8710047.84807365,0.0542810195842561,1,3.27057070744514
"18",2929,3,4511.14073937462,-4486282.1083801,5858047.84807365,-2186282.1083801,8710047.84807365,0.0542810195842561,1,3.27057070744514
"19",2929,4,4815.92591558675,-4486282.1083801,5858047.84807365,-2086282.1083801,8710047.84807365,0.0542810195842561,1,3.27057070744514
"20",2929,5,4511.1407393802,-4486282.1083801,5858047.84807365,-1986282.1083801,8710047.84807365,0.0542810195842561,1,3.27057070744514
"21",2931,1,9256.01061579133,-4286282.1083801,5858047.84807365,-2386282.1083801,8710047.84807365,0.0542810195842561,1,3.33810377621681
"22",2931,2,7131.25964352123,-4286282.1083801,5858047.84807365,-2286282.1083801,8710047.84807365,0.0542810195842561,1,3.33810377621681
"23",2931,3,15244.2015155611,-4286282.1083801,5858047.84807365,-2186282.1083801,8710047.84807365,0.0542810195842561,1,3.33810377621681
"24",2931,4,12988.2126952047,-4286282.1083801,5858047.84807365,-2086282.1083801,8710047.84807365,0.0542810195842561,1,3.33810377621681
"25",2931,5,15244.2015154795,-4286282.1083801,5858047.84807365,-1986282.1083801,8710047.84807365,0.0542810195842561,1,3.33810377621681
"26",3102,1,13158.5810047525,-4186282.1083801,5734047.84807365,-2386282.1083801,8710047.84807365,0.0542810195842561,1,3.33810377621681
"27",3102,2,13823.1940970083,-4186282.1083801,5734047.84807365,-2286282.1083801,8710047.84807365,0.0542810195842561,1,3.33810377621681
"28",3102,3,4511.14073934593,-4186282.1083801,5734047.84807365,-2186282.1083801,8710047.84807365,0.0542810195842561,1,3.33810377621681
"29",3102,4,4511.14073934948,-4186282.1083801,5734047.84807365,-2086282.1083801,8710047.84807365,0.0542810195842561,1,3.33810377621681
"30",3102,5,4511.14073934036,-4186282.1083801,5734047.84807365,-1986282.1083801,8710047.84807365,0.0542810195842561,1,3.33810377621681
"31",3265,1,5179.28478997359,-4686282.1083801,5610047.84807365,-2386282.1083801,8710047.84807365,0.0542810195842561,1,3.15737725028493
"32",3265,2,5484.85270659049,-4686282.1083801,5610047.84807365,-2286282.1083801,8710047.84807365,0.0542810195842561,1,3.15737725028493
"33",3265,3,15244.2015155702,-4686282.1083801,5610047.84807365,-2186282.1083801,8710047.84807365,0.0542810195842561,1,3.15737725028493
"34",3265,4,17811.8194512113,-4686282.1083801,5610047.84807365,-2086282.1083801,8710047.84807365,0.0542810195842561,1,3.15737725028493
"35",3265,5,15244.2015156518,-4686282.1083801,5610047.84807365,-1986282.1083801,8710047.84807365,0.0542810195842561,1,3.15737725028493
"36",3267,1,13301.802553001,-4486282.1083801,5610047.84807365,-2386282.1083801,8710047.84807365,0.0542810195842561,1,3.22906195633633
"37",3267,2,13413.7808820773,-4486282.1083801,5610047.84807365,-2286282.1083801,8710047.84807365,0.0542810195842561,1,3.22906195633633
"38",3267,3,4918.18289443599,-4486282.1083801,5610047.84807365,-2186282.1083801,8710047.84807365,0.0542810195842561,1,3.22906195633633
"39",3267,4,4655.77824845626,-4486282.1083801,5610047.84807365,-2086282.1083801,8710047.84807365,0.0542810195842561,1,3.22906195633633
"40",3267,5,4918.18289443322,-4486282.1083801,5610047.84807365,-1986282.1083801,8710047.84807365,0.0542810195842561,1,3.22906195633633
"41",3270,1,9721.01286384311,-4186282.1083801,5610047.84807365,-2386282.1083801,8710047.84807365,0.0542810195842561,1,3.33810377621681
"42",3270,2,11047.2202618076,-4186282.1083801,5610047.84807365,-2286282.1083801,8710047.84807365,0.0542810195842561,1,3.33810377621681
"43",3270,3,6576.48655392133,-4186282.1083801,5610047.84807365,-2186282.1083801,8710047.84807365,0.0542810195842561,1,3.33810377621681
"44",3270,4,8905.9097255167,-4186282.1083801,5610047.84807365,-2086282.1083801,8710047.84807365,0.0542810195842561,1,3.33810377621681
"45",3270,5,6576.486554027,-4186282.1083801,5610047.84807365,-1986282.1083801,8710047.84807365,0.0542810195842561,1,3.33810377621681
"46",3436,1,10335.8061774178,-4986282.1083801,5486047.84807365,-2386282.1083801,8710047.84807365,0.197710590099119,1,3.5047877491521
"47",3436,2,9759.35165490485,-4986282.1083801,5486047.84807365,-2286282.1083801,8710047.84807365,0.197710590099119,1,3.5047877491521
"48",3436,3,7911.60625115668,-4986282.1083801,5486047.84807365,-2186282.1083801,8710047.84807365,0.197710590099119,1,3.5047877491521
"49",3436,4,9210.66974249824,-4986282.1083801,5486047.84807365,-2086282.1083801,8710047.84807365,0.197710590099119,1,3.5047877491521
"50",3436,5,7911.60625124885,-4986282.1083801,5486047.84807365,-1986282.1083801,8710047.84807365,0.197710590099119,1,3.5047877491521
"51",3437,1,15943.0382220501,-4886282.1083801,5486047.84807365,-2386282.1083801,8710047.84807365,0.229544445590091,1,3.70957403810869
"52",3437,2,9759.35165486043,-4886282.1083801,5486047.84807365,-2286282.1083801,8710047.84807365,0.229544445590091,1,3.70957403810869
"53",3437,3,9210.6697424963,-4886282.1083801,5486047.84807365,-2186282.1083801,8710047.84807365,0.229544445590091,1,3.70957403810869
"54",3437,4,5689.71593755733,-4886282.1083801,5486047.84807365,-2086282.1083801,8710047.84807365,0.229544445590091,1,3.70957403810869
"55",3437,5,9210.66974246159,-4886282.1083801,5486047.84807365,-1986282.1083801,8710047.84807365,0.229544445590091,1,3.70957403810869
"56",3440,1,13301.8025529685,-4186282.1083801,5486047.84807365,-2386282.1083801,8710047.84807365,0.0542810195842561,1,3.25138242215338
"57",3440,2,13413.7808821029,-4186282.1083801,5486047.84807365,-2286282.1083801,8710047.84807365,0.0542810195842561,1,3.25138242215338
"58",3440,3,4918.18289440218,-4186282.1083801,5486047.84807365,-2186282.1083801,8710047.84807365,0.0542810195842561,1,3.25138242215338
"59",3440,4,4655.77824846714,-4186282.1083801,5486047.84807365,-2086282.1083801,8710047.84807365,0.0542810195842561,1,3.25138242215338
"60",3440,5,4918.18289439942,-4186282.1083801,5486047.84807365,-1986282.1083801,8710047.84807365,0.0542810195842561,1,3.25138242215338
"61",3606,1,16863.4420455056,-4886282.1083801,5362047.84807365,-2386282.1083801,8710047.84807365,0.31455718643818,1,3.58840428887018
"62",3606,2,11047.2202618784,-4886282.1083801,5362047.84807365,-2286282.1083801,8710047.84807365,0.31455718643818,1,3.58840428887018
"63",3606,3,8275.45348827172,-4886282.1083801,5362047.84807365,-2186282.1083801,8710047.84807365,0.31455718643818,1,3.58840428887018
"64",3606,4,4196.14245433723,-4886282.1083801,5362047.84807365,-2086282.1083801,8710047.84807365,0.31455718643818,1,3.58840428887018
"65",3606,5,8275.45348821027,-4886282.1083801,5362047.84807365,-1986282.1083801,8710047.84807365,0.31455718643818,1,3.58840428887018
"66",1,361,5079.58874367564,-2386282.1083801,8710047.84807365,1113717.8916199,7842047.84807365,0.471728891925041,1,3.55003606746498
"67",1,483,14449.9212082117,-2386282.1083801,8710047.84807365,813717.891619898,7718047.84807365,0.451997137049208,1,3.51734520759854
"68",1,727,8302.14987315338,-2386282.1083801,8710047.84807365,9913717.8916199,7594047.84807365,0.257080511668882,1,4.0370334282703
"69",1,1591,13480.5797911135,-2386282.1083801,8710047.84807365,-10686282.1083801,6850047.84807365,0.451997137049208,1,3.76791332659398
"70",1,1753,12997.7793709695,-2386282.1083801,8710047.84807365,-9186282.1083801,6726047.84807365,0.451997137049208,1,3.4193703976521
"71",1,1900,6198.48058893938,-2386282.1083801,8710047.84807365,-10486282.1083801,6602047.84807365,0.451997137049208,1,3.49503882860692
"72",1,1901,5730.15974636511,-2386282.1083801,8710047.84807365,-10386282.1083801,6602047.84807365,0.451997137049208,1,3.67309569621398
"73",1,1902,6198.48058879049,-2386282.1083801,8710047.84807365,-10286282.1083801,6602047.84807365,0.451997137049208,1,3.82637106285035
"74",1,2051,4519.47710640518,-2386282.1083801,8710047.84807365,-9386282.1083801,6478047.84807365,0.451997137049208,1,3.64080968243115
"75",1,2052,13480.5797910616,-2386282.1083801,8710047.84807365,-9286282.1083801,6478047.84807365,0.451997137049208,1,3.64080968243115
"76",1,2198,15283.3997396443,-2386282.1083801,8710047.84807365,-11486282.1083801,6354047.84807365,0.171465276452009,1,3.43037263190111
"77",1,2199,5730.15974624675,-2386282.1083801,8710047.84807365,-9386282.1083801,6354047.84807365,0.451997137049208,1,3.64080968243115
"78",1,2356,7711.39669603114,-2386282.1083801,8710047.84807365,11513717.8916199,6354047.84807365,0.352166794636731,1,3.80555146474948
"79",1,2361,6198.48058881898,-2386282.1083801,8710047.84807365,-9686282.1083801,6230047.84807365,0.451997137049208,1,3.71001078106629
"80",1,2362,13586.0417355353,-2386282.1083801,8710047.84807365,-9586282.1083801,6230047.84807365,0.451997137049208,1,3.49807008223629
"81",1,2363,6748.87322943872,-2386282.1083801,8710047.84807365,-9486282.1083801,6230047.84807365,0.451997137049208,1,3.49807008223629
"82",1,2531,9721.0128638669,-2386282.1083801,8710047.84807365,-9686282.1083801,6106047.84807365,0.451997137049208,1,3.71001078106629
"83",1,2932,11126.1571525279,-2386282.1083801,8710047.84807365,-4186282.1083801,5858047.84807365,0.376357559280505,1,3.66356337985799
"84",1,3048,11793.8296448782,-2386282.1083801,8710047.84807365,11813717.8916199,5858047.84807365,0.0084831039385479,1,2.96828536177005
"85",1,3097,7411.10711328752,-2386282.1083801,8710047.84807365,-4786282.1083801,5734047.84807365,0.376357559280505,1,3.16293639911972
"86",1,3439,5079.58874355577,-2386282.1083801,8710047.84807365,-4286282.1083801,5486047.84807365,0.376357559280505,1,3.37212542684302
"87",1,3554,15943.0382222313,-2386282.1083801,8710047.84807365,12013717.8916199,5486047.84807365,0.171465276452009,1,3.98316495311019
"88",1,3717,7711.3966959961,-2386282.1083801,8710047.84807365,11913717.8916199,5362047.84807365,0.0084831039385479,1,3.01579909240047
"89",1,5275,5079.58874355442,-2386282.1083801,8710047.84807365,-1586282.1083801,3998047.84807365,0.530631181388248,1,4.04353000154021
"90",1,5838,9260.89492011547,-2386282.1083801,8710047.84807365,11213717.8916199,3626047.84807365,0.180796303057171,1,3.34839714625088
"91",1,5988,7711.39669591804,-2386282.1083801,8710047.84807365,12013717.8916199,3502047.84807365,0.600381455195089,1,4.31586108652829
"92",1,6011,8905.90972556606,-2386282.1083801,8710047.84807365,-1586282.1083801,3378047.84807365,0.500055374919535,1,3.86716139609834
"93",1,6012,13158.5810047497,-2386282.1083801,8710047.84807365,-1486282.1083801,3378047.84807365,0.500055374919535,1,3.99575509508468
"94",1,6288,5179.28479003964,-2386282.1083801,8710047.84807365,-10386282.1083801,3130047.84807365,0.551644020028799,1,4.28275191108852
"95",1,6837,4452.95486274695,-2386282.1083801,8710047.84807365,11113717.8916199,2758047.84807365,0.180796303057171,1,4.04742112635078
"96",1,6842,7573.0338887615,-2386282.1083801,8710047.84807365,-10186282.1083801,2634047.84807365,0.62125533480748,1,Inf
"97",1,7480,16863.4420455441,-2386282.1083801,8710047.84807365,-5986282.1083801,2014047.84807365,0.600381455195089,1,4.40415805216977
"98",1,7691,9688.82498314097,-2386282.1083801,8710047.84807365,-5986282.1083801,1766047.84807365,0.637820364060153,1,3.8616962378576
"99",1,7861,13480.5797911565,-2386282.1083801,8710047.84807365,9113717.8916199,1642047.84807365,0.600381455195089,1,3.29976098457616
"100",1,7950,10335.8061776178,-2386282.1083801,8710047.84807365,5313717.8916199,1518047.84807365,0.637150354469047,1,3.83799673101431
"101",1,7958,8661.29557369869,-2386282.1083801,8710047.84807365,9213717.8916199,1518047.84807365,0.456114111989385,1,4.48484944065487
"102",1,8061,6071.51063624542,-2386282.1083801,8710047.84807365,9213717.8916199,1394047.84807365,0.600381455195089,1,4.48484944065487
"103",1,8277,9260.8949201077,-2386282.1083801,8710047.84807365,12313717.8916199,1146047.84807365,0.600381455195089,1,4.6459472861326
"104",1,8378,11126.1571526212,-2386282.1083801,8710047.84807365,10413717.8916199,1022047.84807365,0.600381455195089,1,3.19161050614709
"105",1,8476,11407.0716916704,-2386282.1083801,8710047.84807365,9313717.8916199,898047.84807365,0.600381455195089,1,4.08466762709927
"106",1,8586,12129.5470426854,-2386282.1083801,8710047.84807365,12213717.8916199,774047.84807365,0.600381455195089,1,3.98445766635208
"107",1,8684,5079.58874357155,-2386282.1083801,8710047.84807365,12013717.8916199,650047.84807365,0.492502832576115,1,3.61547894347519
"108",1,8766,8492.62147888125,-2386282.1083801,8710047.84807365,10013717.8916199,526047.84807365,0.600381455195089,1,4.0767031812437
"109",1,9131,13158.5810047377,-2386282.1083801,8710047.84807365,13013717.8916199,30047.8480736502,0.623358963612281,1,4.48858629822641
"110",1,9220,11407.0716916945,-2386282.1083801,8710047.84807365,12113717.8916199,-93952.1519263498,0.648439693065415,1,4.32641004846777
"111",1,9223,13480.5797911089,-2386282.1083801,8710047.84807365,12713717.8916199,-93952.1519263498,0.595949012677471,1,3.99491298612266
"112",1,9320,9688.82498304165,-2386282.1083801,8710047.84807365,12313717.8916199,-217952.15192635,0.600381455195089,1,3.71692448655593
"113",1,9444,12129.5470427279,-2386282.1083801,8710047.84807365,15013717.8916199,-341952.15192635,0.627854049148612,1,4.33001075521193
"114",1,9552,5079.58874359243,-2386282.1083801,8710047.84807365,14513717.8916199,-465952.15192635,0.600381455195089,1,3.83872992531924
"115",1,9632,15943.0382222763,-2386282.1083801,8710047.84807365,5613717.8916199,-589952.15192635,0.589973663953293,1,3.85282392970828
"116",1,9732,15283.3997396848,-2386282.1083801,8710047.84807365,10213717.8916199,-713952.15192635,0.537993253351283,1,Inf
"117",1,9760,8905.90972555741,-2386282.1083801,8710047.84807365,15413717.8916199,-713952.15192635,0.600381455195089,1,3.83856759268618
"118",1,9959,12997.7793709676,-2386282.1083801,8710047.84807365,15613717.8916199,-961952.15192635,0.581500378252375,1,4.41769860085569
"119",1,9961,6748.87322951602,-2386282.1083801,8710047.84807365,15813717.8916199,-961952.15192635,0.648439693065415,1,4.43870031852105
"120",1,10055,10335.806177634,-2386282.1083801,8710047.84807365,14513717.8916199,-1085952.15192635,0.600381455195089,1,4.25431553729843
"121",1,10062,6071.51063623702,-2386282.1083801,8710047.84807365,15713717.8916199,-1085952.15192635,0.648439693065415,1,4.17494896464221
"122",1,10147,8905.90972556088,-2386282.1083801,8710047.84807365,15813717.8916199,-1209952.15192635,0.600381455195089,1,4.90203821717985
"123",1,10148,8905.90972558631,-2386282.1083801,8710047.84807365,15913717.8916199,-1209952.15192635,0.600381455195089,1,4.38746549415178
"124",1,10221,1983.54212310894,-2386282.1083801,8710047.84807365,12213717.8916199,-1333952.15192635,0.600381455195089,1,3.93752479584249
"125",1,10297,7411.10711330742,-2386282.1083801,8710047.84807365,4313717.8916199,-1457952.15192635,0.548145832187015,1,4.19544477584365
"126",1,10298,8302.14987309162,-2386282.1083801,8710047.84807365,4413717.8916199,-1457952.15192635,0.548145832187015,1,4.19544477584365
"127",1,10473,8302.14987313069,-2386282.1083801,8710047.84807365,16413717.8916199,-1705952.15192635,0.532236657575276,1,4.62602108106169
"128",1,10545,0,-2386282.1083801,8710047.84807365,12213717.8916199,-1829952.15192635,0.600381455195089,1,4.17149290494094
"129",1,10561,13586.0417354541,-2386282.1083801,8710047.84807365,16313717.8916199,-1829952.15192635,0.648439693065415,1,4.04855602419827
"130",1,10654,5079.58874359181,-2386282.1083801,8710047.84807365,16313717.8916199,-1953952.15192635,0.648439693065415,1,4.04855602419827
"131",1,10656,16863.4420456296,-2386282.1083801,8710047.84807365,17513717.8916199,-1953952.15192635,0.532236657575276,1,4.39542033377579
"132",1,10723,17320.4192745116,-2386282.1083801,8710047.84807365,4613717.8916199,-2077952.15192635,0.648439693065415,1,3.46027138696511
"133",1,10751,9721.01286390524,-2386282.1083801,8710047.84807365,17313717.8916199,-2077952.15192635,0.532236657575276,1,4.39542033377579
"134",1,10752,9721.01286379449,-2386282.1083801,8710047.84807365,17413717.8916199,-2077952.15192635,0.55940664869498,1,4.71689049098686
"135",1,10753,5079.58874356181,-2386282.1083801,8710047.84807365,17513717.8916199,-2077952.15192635,0.648439693065415,1,4.71689049098686
"136",1,10845,12893.9233646359,-2386282.1083801,8710047.84807365,16413717.8916199,-2201952.15192635,0.64009913921698,1,4.21647328065851
"137",1,10846,8492.62147889896,-2386282.1083801,8710047.84807365,17213717.8916199,-2201952.15192635,0.55940664869498,1,4.71689049098686
"138",1,10847,9721.01286381772,-2386282.1083801,8710047.84807365,17313717.8916199,-2201952.15192635,0.55940664869498,1,4.71689049098686
"139",1,10903,13480.5797911528,-2386282.1083801,8710047.84807365,4413717.8916199,-2325952.15192635,0.648439693065415,1,3.43882209551664
"140",1,10934,6071.51063629769,-2386282.1083801,8710047.84807365,16413717.8916199,-2325952.15192635,0.55940664869498,1,4.85767168962144
"141",1,10989,9688.82498321508,-2386282.1083801,8710047.84807365,4413717.8916199,-2449952.15192635,0.648439693065415,1,3.48520987495374
"142",1,10993,11793.8296448215,-2386282.1083801,8710047.84807365,5513717.8916199,-2449952.15192635,0.596665346903024,1,3.91169674872286
"143",1,11079,11126.1571526266,-2386282.1083801,8710047.84807365,4413717.8916199,-2573952.15192635,0.648439693065415,1,3.41472605043522
"144",1,11116,13480.5797911275,-2386282.1083801,8710047.84807365,15813717.8916199,-2573952.15192635,0.648439693065415,1,4.72398818542846
"145",1,11117,7711.39669593068,-2386282.1083801,8710047.84807365,15913717.8916199,-2573952.15192635,0.596665346903024,1,4.39605290746757
"146",1,11171,7573.03388873296,-2386282.1083801,8710047.84807365,4413717.8916199,-2697952.15192635,0.648439693065415,1,3.47690462580454
"147",1,11473,10335.8061776453,-2386282.1083801,8710047.84807365,14413717.8916199,-3069952.15192635,0.600381455195089,1,4.01460561555059
"148",1,11474,11793.8296448144,-2386282.1083801,8710047.84807365,-6686282.1083801,-3193952.15192635,0.523615280126096,1,3.5130184219122
"149",1,11687,10335.8061776012,-2386282.1083801,8710047.84807365,12813717.8916199,-3441952.15192635,0.600381455195089,1,3.45681262065531
"150",1,11688,12893.9233646555,-2386282.1083801,8710047.84807365,12913717.8916199,-3441952.15192635,0.600381455195089,1,3.45681262065531
"151",1,11762,12893.9233646297,-2386282.1083801,8710047.84807365,12913717.8916199,-3565952.15192635,0.600381455195089,1,3.45318583673266
"152",1,11877,13301.8025529809,-2386282.1083801,8710047.84807365,10613717.8916199,-3813952.15192635,0.648439693065415,1,4.05490756868644
"153",1,11878,5179.28479001437,-2386282.1083801,8710047.84807365,10713717.8916199,-3813952.15192635,0.648439693065415,1,4.05490756868644
"154",1,11943,9721.01286383646,-2386282.1083801,8710047.84807365,10613717.8916199,-3937952.15192635,0.648439693065415,1,3.3010623122216
"155",1,11998,11126.157152407,-2386282.1083801,8710047.84807365,10213717.8916199,-4061952.15192635,0.648439693065415,1,4.05490756868644
"156",1,12001,6198.48058870451,-2386282.1083801,8710047.84807365,10513717.8916199,-4061952.15192635,0.648439693065415,1,3.3010623122216
"157",1,12019,9688.82498286849,-2386282.1083801,8710047.84807365,13213717.8916199,-4061952.15192635,0.648439693065415,1,4.10365097850073
"158",1,12045,13358.8645883571,-2386282.1083801,8710047.84807365,10213717.8916199,-4185952.15192635,0.648439693065415,1,4.05490756868644
"159",1,12052,8661.29557368366,-2386282.1083801,8710047.84807365,12213717.8916199,-4185952.15192635,0.456114111989385,1,4.55551847065098
"160",1,12053,17320.4192744359,-2386282.1083801,8710047.84807365,12313717.8916199,-4185952.15192635,0.549072071851642,1,4.36912799987159
"161",1,12059,12893.9233646786,-2386282.1083801,8710047.84807365,12913717.8916199,-4185952.15192635,0.648439693065415,1,3.90072184097908
"162",1,12060,7411.1071133251,-2386282.1083801,8710047.84807365,13013717.8916199,-4185952.15192635,0.648439693065415,1,3.90072184097908
"163",1,12082,9721.01286385626,-2386282.1083801,8710047.84807365,12213717.8916199,-4309952.15192635,0.627294422944358,1,4.37475001649434
"164",1,12088,8492.62147894173,-2386282.1083801,8710047.84807365,12813717.8916199,-4309952.15192635,0.648439693065415,1,4.01328400601236
"165",1,12093,11126.1571525229,-2386282.1083801,8710047.84807365,13313717.8916199,-4309952.15192635,0.648439693065415,1,3.90072184097908
"166",1,12136,9256.01061579427,-2386282.1083801,8710047.84807365,12113717.8916199,-4557952.15192635,0.565982523939104,1,4.3973329849878
"167",1,12138,4452.95486275509,-2386282.1083801,8710047.84807365,12313717.8916199,-4557952.15192635,0.600381455195089,1,4.17094219418172
"168",1,12164,14449.9212082221,-2386282.1083801,8710047.84807365,12513717.8916199,-4681952.15192635,0.648439693065415,1,4.36980143316675
"169",1,12165,5079.58874348951,-2386282.1083801,8710047.84807365,12613717.8916199,-4681952.15192635,0.648439693065415,1,4.14064085870221
"170",2,361,7554.86328475505,-2286282.1083801,8710047.84807365,1113717.8916199,7842047.84807365,0.471728891925041,1,3.55003606746498
"171",2,483,16130.9329471169,-2286282.1083801,8710047.84807365,813717.891619898,7718047.84807365,0.451997137049208,1,3.51734520759854
"172",2,727,8418.41821113534,-2286282.1083801,8710047.84807365,9913717.8916199,7594047.84807365,0.257080511668882,1,4.0370334282703
"173",2,1591,5730.15974634885,-2286282.1083801,8710047.84807365,-10686282.1083801,6850047.84807365,0.451997137049208,1,3.76791332659398
"174",2,1753,13413.7808821222,-2286282.1083801,8710047.84807365,-9186282.1083801,6726047.84807365,0.451997137049208,1,3.4193703976521
"175",2,1900,15390.5007064195,-2286282.1083801,8710047.84807365,-10486282.1083801,6602047.84807365,0.451997137049208,1,3.49503882860692
"176",2,1901,12577.0968028734,-2286282.1083801,8710047.84807365,-10386282.1083801,6602047.84807365,0.451997137049208,1,3.67309569621398
"177",2,1902,8063.58668966162,-2286282.1083801,8710047.84807365,-10286282.1083801,6602047.84807365,0.451997137049208,1,3.82637106285035
"178",2,2051,9553.27218084368,-2286282.1083801,8710047.84807365,-9386282.1083801,6478047.84807365,0.451997137049208,1,3.64080968243115
"179",2,2052,9260.89492034303,-2286282.1083801,8710047.84807365,-9286282.1083801,6478047.84807365,0.451997137049208,1,3.64080968243115
"180",2,2198,6151.98826823173,-2286282.1083801,8710047.84807365,-11486282.1083801,6354047.84807365,0.171465276452009,1,3.43037263190111
"181",2,2199,3747.62687789573,-2286282.1083801,8710047.84807365,-9386282.1083801,6354047.84807365,0.451997137049208,1,3.64080968243115
"182",2,2356,13358.8645884029,-2286282.1083801,8710047.84807365,11513717.8916199,6354047.84807365,0.352166794636731,1,3.80555146474948
"183",2,2361,8063.58668961807,-2286282.1083801,8710047.84807365,-9686282.1083801,6230047.84807365,0.451997137049208,1,3.71001078106629
"184",2,2362,5372.66301339226,-2286282.1083801,8710047.84807365,-9586282.1083801,6230047.84807365,0.451997137049208,1,3.49807008223629
"185",2,2363,4179.70265791633,-2286282.1083801,8710047.84807365,-9486282.1083801,6230047.84807365,0.451997137049208,1,3.49807008223629
"186",2,2531,16130.9329469426,-2286282.1083801,8710047.84807365,-9686282.1083801,6106047.84807365,0.451997137049208,1,3.71001078106629
"187",2,2932,1983.54212312889,-2286282.1083801,8710047.84807365,-4186282.1083801,5858047.84807365,0.376357559280505,1,3.66356337985799
"188",2,3048,17811.8194511618,-2286282.1083801,8710047.84807365,11813717.8916199,5858047.84807365,0.0084831039385479,1,2.96828536177005
"189",2,3097,4452.95486281045,-2286282.1083801,8710047.84807365,-4786282.1083801,5734047.84807365,0.376357559280505,1,3.16293639911972
"190",2,3439,6292.26667406293,-2286282.1083801,8710047.84807365,-4286282.1083801,5486047.84807365,0.376357559280505,1,3.37212542684302
"191",2,3554,14776.677724232,-2286282.1083801,8710047.84807365,12013717.8916199,5486047.84807365,0.171465276452009,1,3.98316495311019
"192",2,3717,13358.8645883418,-2286282.1083801,8710047.84807365,11913717.8916199,5362047.84807365,0.0084831039385479,1,3.01579909240047
"193",2,5275,6292.26667405408,-2286282.1083801,8710047.84807365,-1586282.1083801,3998047.84807365,0.530631181388248,1,4.04353000154021
"194",2,5838,0,-2286282.1083801,8710047.84807365,11213717.8916199,3626047.84807365,0.180796303057171,1,3.34839714625088
"195",2,5988,13358.8645883652,-2286282.1083801,8710047.84807365,12013717.8916199,3502047.84807365,0.600381455195089,1,4.31586108652829
"196",2,6011,6292.26667412013,-2286282.1083801,8710047.84807365,-1586282.1083801,3378047.84807365,0.500055374919535,1,3.86716139609834
"197",2,6012,13358.8645883512,-2286282.1083801,8710047.84807365,-1486282.1083801,3378047.84807365,0.500055374919535,1,3.99575509508468
"198",2,6288,8418.41821105607,-2286282.1083801,8710047.84807365,-10386282.1083801,3130047.84807365,0.551644020028799,1,4.28275191108852
"199",2,6837,7131.25964344537,-2286282.1083801,8710047.84807365,11113717.8916199,2758047.84807365,0.180796303057171,1,4.04742112635078
"200",2,6842,6151.98826791838,-2286282.1083801,8710047.84807365,-10186282.1083801,2634047.84807365,0.62125533480748,1,Inf
"201",2,7480,11047.2202619235,-2286282.1083801,8710047.84807365,-5986282.1083801,2014047.84807365,0.600381455195089,1,4.40415805216977
"202",2,7691,5372.66301335397,-2286282.1083801,8710047.84807365,-5986282.1083801,1766047.84807365,0.637820364060153,1,3.8616962378576
"203",2,7861,9260.89492033377,-2286282.1083801,8710047.84807365,9113717.8916199,1642047.84807365,0.600381455195089,1,3.29976098457616
"204",2,7950,17610.7276355662,-2286282.1083801,8710047.84807365,5313717.8916199,1518047.84807365,0.637150354469047,1,3.83799673101431
"205",2,7958,14776.6777240449,-2286282.1083801,8710047.84807365,9213717.8916199,1518047.84807365,0.456114111989385,1,4.48484944065487
"206",2,8061,5025.53389030918,-2286282.1083801,8710047.84807365,9213717.8916199,1394047.84807365,0.600381455195089,1,4.48484944065487
"207",2,8277,0.000134414476389852,-2286282.1083801,8710047.84807365,12313717.8916199,1146047.84807365,0.600381455195089,1,4.6459472861326
"208",2,8378,12129.5470426954,-2286282.1083801,8710047.84807365,10413717.8916199,1022047.84807365,0.600381455195089,1,3.19161050614709
"209",2,8476,16632.4527390839,-2286282.1083801,8710047.84807365,9313717.8916199,898047.84807365,0.600381455195089,1,4.08466762709927
"210",2,8586,10499.2492220546,-2286282.1083801,8710047.84807365,12213717.8916199,774047.84807365,0.600381455195089,1,3.98445766635208
"211",2,8684,6292.26667408069,-2286282.1083801,8710047.84807365,12013717.8916199,650047.84807365,0.492502832576115,1,3.61547894347519
"212",2,8766,5025.53389034637,-2286282.1083801,8710047.84807365,10013717.8916199,526047.84807365,0.600381455195089,1,4.0767031812437
"213",2,9131,13358.8645884037,-2286282.1083801,8710047.84807365,13013717.8916199,30047.8480736502,0.623358963612281,1,4.48858629822641
"214",2,9220,16632.4527390975,-2286282.1083801,8710047.84807365,12113717.8916199,-93952.1519263498,0.648439693065415,1,4.32641004846777
"215",2,9223,5730.15974636811,-2286282.1083801,8710047.84807365,12713717.8916199,-93952.1519263498,0.595949012677471,1,3.99491298612266
"216",2,9320,5372.66301342785,-2286282.1083801,8710047.84807365,12313717.8916199,-217952.15192635,0.600381455195089,1,3.71692448655593
"217",2,9444,10499.2492220026,-2286282.1083801,8710047.84807365,15013717.8916199,-341952.15192635,0.627854049148612,1,4.33001075521193
"218",2,9552,7554.86328471953,-2286282.1083801,8710047.84807365,14513717.8916199,-465952.15192635,0.600381455195089,1,3.83872992531924
"219",2,9632,14776.6777241988,-2286282.1083801,8710047.84807365,5613717.8916199,-589952.15192635,0.589973663953293,1,3.85282392970828
"220",2,9732,13300.2498922044,-2286282.1083801,8710047.84807365,10213717.8916199,-713952.15192635,0.537993253351283,1,Inf
"221",2,9760,6292.26667411562,-2286282.1083801,8710047.84807365,15413717.8916199,-713952.15192635,0.600381455195089,1,3.83856759268618
"222",2,9959,13823.1940969457,-2286282.1083801,8710047.84807365,15613717.8916199,-961952.15192635,0.581500378252375,1,4.41769860085569
"223",2,9961,4179.70265794935,-2286282.1083801,8710047.84807365,15813717.8916199,-961952.15192635,0.648439693065415,1,4.43870031852105
"224",2,10055,17610.7276355535,-2286282.1083801,8710047.84807365,14513717.8916199,-1085952.15192635,0.600381455195089,1,4.25431553729843
"225",2,10062,5025.53389022849,-2286282.1083801,8710047.84807365,15713717.8916199,-1085952.15192635,0.648439693065415,1,4.17494896464221
"226",2,10147,13435.9194629252,-2286282.1083801,8710047.84807365,15813717.8916199,-1209952.15192635,0.600381455195089,1,4.90203821717985
"227",2,10148,6292.26667415008,-2286282.1083801,8710047.84807365,15913717.8916199,-1209952.15192635,0.600381455195089,1,4.38746549415178
"228",2,10221,10499.2492218418,-2286282.1083801,8710047.84807365,12213717.8916199,-1333952.15192635,0.600381455195089,1,3.93752479584249
"229",2,10297,4452.95486277301,-2286282.1083801,8710047.84807365,4313717.8916199,-1457952.15192635,0.548145832187015,1,4.19544477584365
"230",2,10298,4179.70265798994,-2286282.1083801,8710047.84807365,4413717.8916199,-1457952.15192635,0.548145832187015,1,4.19544477584365
"231",2,10473,4179.70265794852,-2286282.1083801,8710047.84807365,16413717.8916199,-1705952.15192635,0.532236657575276,1,4.62602108106169
"232",2,10545,9260.89492006825,-2286282.1083801,8710047.84807365,12213717.8916199,-1829952.15192635,0.600381455195089,1,4.17149290494094
"233",2,10561,5372.66301336332,-2286282.1083801,8710047.84807365,16313717.8916199,-1829952.15192635,0.648439693065415,1,4.04855602419827
"234",2,10654,7554.86328476436,-2286282.1083801,8710047.84807365,16313717.8916199,-1953952.15192635,0.648439693065415,1,4.04855602419827
"235",2,10656,13435.9194630958,-2286282.1083801,8710047.84807365,17513717.8916199,-1953952.15192635,0.532236657575276,1,4.39542033377579
"236",2,10723,11668.7270398453,-2286282.1083801,8710047.84807365,4613717.8916199,-2077952.15192635,0.648439693065415,1,3.46027138696511
"237",2,10751,16130.9329470353,-2286282.1083801,8710047.84807365,17313717.8916199,-2077952.15192635,0.532236657575276,1,4.39542033377579
"238",2,10752,11047.2202618058,-2286282.1083801,8710047.84807365,17413717.8916199,-2077952.15192635,0.55940664869498,1,4.71689049098686
"239",2,10753,7554.8632847749,-2286282.1083801,8710047.84807365,17513717.8916199,-2077952.15192635,0.648439693065415,1,4.71689049098686
"240",2,10845,13716.0384127167,-2286282.1083801,8710047.84807365,16413717.8916199,-2201952.15192635,0.64009913921698,1,4.21647328065851
"241",2,10846,5025.53389030089,-2286282.1083801,8710047.84807365,17213717.8916199,-2201952.15192635,0.55940664869498,1,4.71689049098686
"242",2,10847,11047.2202617755,-2286282.1083801,8710047.84807365,17313717.8916199,-2201952.15192635,0.55940664869498,1,4.71689049098686
"243",2,10903,9260.89492020733,-2286282.1083801,8710047.84807365,4413717.8916199,-2325952.15192635,0.648439693065415,1,3.43882209551664
"244",2,10934,8323.56082560372,-2286282.1083801,8710047.84807365,16413717.8916199,-2325952.15192635,0.55940664869498,1,4.85767168962144
"245",2,10989,17811.819451173,-2286282.1083801,8710047.84807365,4413717.8916199,-2449952.15192635,0.648439693065415,1,3.48520987495374
"246",2,10993,9585.56385976885,-2286282.1083801,8710047.84807365,5513717.8916199,-2449952.15192635,0.596665346903024,1,3.91169674872286
"247",2,11079,12129.5470427437,-2286282.1083801,8710047.84807365,4413717.8916199,-2573952.15192635,0.648439693065415,1,3.41472605043522
"248",2,11116,5730.15974638603,-2286282.1083801,8710047.84807365,15813717.8916199,-2573952.15192635,0.648439693065415,1,4.72398818542846
"249",2,11117,1983.54212290601,-2286282.1083801,8710047.84807365,15913717.8916199,-2573952.15192635,0.596665346903024,1,4.39605290746757
"250",2,11171,6151.98826806651,-2286282.1083801,8710047.84807365,4413717.8916199,-2697952.15192635,0.648439693065415,1,3.47690462580454
"251",2,11473,17610.7276355536,-2286282.1083801,8710047.84807365,14413717.8916199,-3069952.15192635,0.600381455195089,1,4.01460561555059
"252",2,11474,9585.56385977733,-2286282.1083801,8710047.84807365,-6686282.1083801,-3193952.15192635,0.523615280126096,1,3.5130184219122
"253",2,11687,17610.7276356014,-2286282.1083801,8710047.84807365,12813717.8916199,-3441952.15192635,0.600381455195089,1,3.45681262065531
"254",2,11688,13554.1048747031,-2286282.1083801,8710047.84807365,12913717.8916199,-3441952.15192635,0.600381455195089,1,3.45681262065531
"255",2,11762,13716.0384127179,-2286282.1083801,8710047.84807365,12913717.8916199,-3565952.15192635,0.600381455195089,1,3.45318583673266
"256",2,11877,13716.0384127236,-2286282.1083801,8710047.84807365,10613717.8916199,-3813952.15192635,0.648439693065415,1,4.05490756868644
"257",2,11878,5484.8527066228,-2286282.1083801,8710047.84807365,10713717.8916199,-3813952.15192635,0.648439693065415,1,4.05490756868644
"258",2,11943,11047.2202618262,-2286282.1083801,8710047.84807365,10613717.8916199,-3937952.15192635,0.648439693065415,1,3.3010623122216
"259",2,11998,1983.54212296764,-2286282.1083801,8710047.84807365,10213717.8916199,-4061952.15192635,0.648439693065415,1,4.05490756868644
"260",2,12001,8063.58668974599,-2286282.1083801,8710047.84807365,10513717.8916199,-4061952.15192635,0.648439693065415,1,3.3010623122216
"261",2,12019,5372.66301338617,-2286282.1083801,8710047.84807365,13213717.8916199,-4061952.15192635,0.648439693065415,1,4.10365097850073
"262",2,12045,13554.1048747058,-2286282.1083801,8710047.84807365,10213717.8916199,-4185952.15192635,0.648439693065415,1,4.05490756868644
"263",2,12052,11934.9845276373,-2286282.1083801,8710047.84807365,12213717.8916199,-4185952.15192635,0.456114111989385,1,4.55551847065098
"264",2,12053,11668.7270398954,-2286282.1083801,8710047.84807365,12313717.8916199,-4185952.15192635,0.549072071851642,1,4.36912799987159
"265",2,12059,13716.0384126924,-2286282.1083801,8710047.84807365,12913717.8916199,-4185952.15192635,0.648439693065415,1,3.90072184097908
"266",2,12060,8323.56082566234,-2286282.1083801,8710047.84807365,13013717.8916199,-4185952.15192635,0.648439693065415,1,3.90072184097908
"267",2,12082,16130.9329469979,-2286282.1083801,8710047.84807365,12213717.8916199,-4309952.15192635,0.627294422944358,1,4.37475001649434
"268",2,12088,7554.86328486514,-2286282.1083801,8710047.84807365,12813717.8916199,-4309952.15192635,0.648439693065415,1,4.01328400601236
"269",2,12093,1983.5421231278,-2286282.1083801,8710047.84807365,13313717.8916199,-4309952.15192635,0.648439693065415,1,3.90072184097908
"270",2,12136,7131.25964356025,-2286282.1083801,8710047.84807365,12113717.8916199,-4557952.15192635,0.565982523939104,1,4.3973329849878
"271",2,12138,7131.25964344124,-2286282.1083801,8710047.84807365,12313717.8916199,-4557952.15192635,0.600381455195089,1,4.17094219418172
"272",2,12164,9585.56385974845,-2286282.1083801,8710047.84807365,12513717.8916199,-4681952.15192635,0.648439693065415,1,4.36980143316675
"273",2,12165,6292.26667406121,-2286282.1083801,8710047.84807365,12613717.8916199,-4681952.15192635,0.648439693065415,1,4.14064085870221
"274",3,361,13719.3597910197,-2186282.1083801,8710047.84807365,1113717.8916199,7842047.84807365,0.471728891925041,1,3.55003606746498
"275",3,483,4196.14245427314,-2186282.1083801,8710047.84807365,813717.891619898,7718047.84807365,0.451997137049208,1,3.51734520759854
"276",3,727,13811.3111868548,-2186282.1083801,8710047.84807365,9913717.8916199,7594047.84807365,0.257080511668882,1,4.0370334282703
"277",3,1591,15943.0382221919,-2186282.1083801,8710047.84807365,-10686282.1083801,6850047.84807365,0.451997137049208,1,3.76791332659398
"278",3,1753,4815.92591557131,-2186282.1083801,8710047.84807365,-9186282.1083801,6726047.84807365,0.451997137049208,1,3.4193703976521
"279",3,1900,4387.93039052423,-2186282.1083801,8710047.84807365,-10486282.1083801,6602047.84807365,0.451997137049208,1,3.49503882860692
"280",3,1901,8905.90972561314,-2186282.1083801,8710047.84807365,-10386282.1083801,6602047.84807365,0.451997137049208,1,3.67309569621398
"281",3,1902,9750.29939899992,-2186282.1083801,8710047.84807365,-10286282.1083801,6602047.84807365,0.451997137049208,1,3.82637106285035
"282",3,2051,8626.0622166865,-2186282.1083801,8710047.84807365,-9386282.1083801,6478047.84807365,0.451997137049208,1,3.64080968243115
"283",3,2052,12991.7407297891,-2186282.1083801,8710047.84807365,-9286282.1083801,6478047.84807365,0.451997137049208,1,3.64080968243115
"284",3,2198,13533.2582340162,-2186282.1083801,8710047.84807365,-11486282.1083801,6354047.84807365,0.171465276452009,1,3.43037263190111
"285",3,2199,14776.6777241981,-2186282.1083801,8710047.84807365,-9386282.1083801,6354047.84807365,0.451997137049208,1,3.64080968243115
"286",3,2356,8661.29557370048,-2186282.1083801,8710047.84807365,11513717.8916199,6354047.84807365,0.352166794636731,1,3.80555146474948
"287",3,2361,9750.299399039,-2186282.1083801,8710047.84807365,-9686282.1083801,6230047.84807365,0.451997137049208,1,3.71001078106629
"288",3,2362,13358.8645883565,-2186282.1083801,8710047.84807365,-9586282.1083801,6230047.84807365,0.451997137049208,1,3.49807008223629
"289",3,2363,16888.012958351,-2186282.1083801,8710047.84807365,-9486282.1083801,6230047.84807365,0.451997137049208,1,3.49807008223629
"290",3,2531,1503.48298782973,-2186282.1083801,8710047.84807365,-9686282.1083801,6106047.84807365,0.451997137049208,1,3.71001078106629
"291",3,2932,17811.8194511148,-2186282.1083801,8710047.84807365,-4186282.1083801,5858047.84807365,0.376357559280505,1,3.66356337985799
"292",3,3048,1503.48298780363,-2186282.1083801,8710047.84807365,11813717.8916199,5858047.84807365,0.0084831039385479,1,2.96828536177005
"293",3,3097,17146.4536184906,-2186282.1083801,8710047.84807365,-4786282.1083801,5734047.84807365,0.376357559280505,1,3.16293639911972
"294",3,3439,14701.9634124684,-2186282.1083801,8710047.84807365,-4286282.1083801,5486047.84807365,0.376357559280505,1,3.37212542684302
"295",3,3554,5689.71593740989,-2186282.1083801,8710047.84807365,12013717.8916199,5486047.84807365,0.171465276452009,1,3.98316495311019
"296",3,3717,8661.29557375663,-2186282.1083801,8710047.84807365,11913717.8916199,5362047.84807365,0.0084831039385479,1,3.01579909240047
"297",3,5275,14701.9634124738,-2186282.1083801,8710047.84807365,-1586282.1083801,3998047.84807365,0.530631181388248,1,4.04353000154021
"298",3,5838,17610.7276355524,-2186282.1083801,8710047.84807365,11213717.8916199,3626047.84807365,0.180796303057171,1,3.34839714625088
"299",3,5988,8661.29557371202,-2186282.1083801,8710047.84807365,12013717.8916199,3502047.84807365,0.600381455195089,1,4.31586108652829
"300",3,6011,16025.374320058,-2186282.1083801,8710047.84807365,-1586282.1083801,3378047.84807365,0.500055374919535,1,3.86716139609834
"301",3,6012,4918.18289441181,-2186282.1083801,8710047.84807365,-1486282.1083801,3378047.84807365,0.500055374919535,1,3.99575509508468
"302",3,6288,12988.2126952121,-2186282.1083801,8710047.84807365,-10386282.1083801,3130047.84807365,0.551644020028799,1,4.28275191108852
"303",3,6837,13811.311186863,-2186282.1083801,8710047.84807365,11113717.8916199,2758047.84807365,0.180796303057171,1,4.04742112635078
"304",3,6842,11507.1326836649,-2186282.1083801,8710047.84807365,-10186282.1083801,2634047.84807365,0.62125533480748,1,Inf
"305",3,7480,8275.4534882445,-2186282.1083801,8710047.84807365,-5986282.1083801,2014047.84807365,0.600381455195089,1,4.40415805216977
"306",3,7691,12276.1339082576,-2186282.1083801,8710047.84807365,-5986282.1083801,1766047.84807365,0.637820364060153,1,3.8616962378576
"307",3,7861,12991.740729782,-2186282.1083801,8710047.84807365,9113717.8916199,1642047.84807365,0.600381455195089,1,3.29976098457616
"308",3,7950,0,-2186282.1083801,8710047.84807365,5313717.8916199,1518047.84807365,0.637150354469047,1,3.83799673101431
"309",3,7958,2954.39337576753,-2186282.1083801,8710047.84807365,9213717.8916199,1518047.84807365,0.456114111989385,1,4.48484944065487
"310",3,8061,16025.3743200297,-2186282.1083801,8710047.84807365,9213717.8916199,1394047.84807365,0.600381455195089,1,4.48484944065487
"311",3,8277,17610.7276355598,-2186282.1083801,8710047.84807365,12313717.8916199,1146047.84807365,0.600381455195089,1,4.6459472861326
"312",3,8378,10335.8061776205,-2186282.1083801,8710047.84807365,10413717.8916199,1022047.84807365,0.600381455195089,1,3.19161050614709
"313",3,8476,5830.45138626649,-2186282.1083801,8710047.84807365,9313717.8916199,898047.84807365,0.600381455195089,1,4.08466762709927
"314",3,8586,11934.9845276914,-2186282.1083801,8710047.84807365,12213717.8916199,774047.84807365,0.600381455195089,1,3.98445766635208
"315",3,8684,14701.9634124638,-2186282.1083801,8710047.84807365,12013717.8916199,650047.84807365,0.492502832576115,1,3.61547894347519
"316",3,8766,17146.4536184817,-2186282.1083801,8710047.84807365,10013717.8916199,526047.84807365,0.600381455195089,1,4.0767031812437
"317",3,9131,4918.1828943609,-2186282.1083801,8710047.84807365,13013717.8916199,30047.8480736502,0.623358963612281,1,4.48858629822641
"318",3,9220,5830.45138625214,-2186282.1083801,8710047.84807365,12113717.8916199,-93952.1519263498,0.648439693065415,1,4.32641004846777
"319",3,9223,15943.0382221833,-2186282.1083801,8710047.84807365,12713717.8916199,-93952.1519263498,0.595949012677471,1,3.99491298612266
"320",3,9320,12276.1339081754,-2186282.1083801,8710047.84807365,12313717.8916199,-217952.15192635,0.600381455195089,1,3.71692448655593
"321",3,9444,11934.9845277403,-2186282.1083801,8710047.84807365,15013717.8916199,-341952.15192635,0.627854049148612,1,4.33001075521193
"322",3,9552,13719.359791019,-2186282.1083801,8710047.84807365,14513717.8916199,-465952.15192635,0.600381455195089,1,3.83872992531924
"323",3,9632,5689.71593746298,-2186282.1083801,8710047.84807365,5613717.8916199,-589952.15192635,0.589973663953293,1,3.85282392970828
"324",3,9732,8626.06221656561,-2186282.1083801,8710047.84807365,10213717.8916199,-713952.15192635,0.537993253351283,1,Inf
"325",3,9760,16025.3743200608,-2186282.1083801,8710047.84807365,15413717.8916199,-713952.15192635,0.600381455195089,1,3.83856759268618
"326",3,9959,4452.95486278114,-2186282.1083801,8710047.84807365,15613717.8916199,-961952.15192635,0.581500378252375,1,4.41769860085569
"327",3,9961,16888.0129583907,-2186282.1083801,8710047.84807365,15813717.8916199,-961952.15192635,0.648439693065415,1,4.43870031852105
"328",3,10055,0,-2186282.1083801,8710047.84807365,14513717.8916199,-1085952.15192635,0.600381455195089,1,4.25431553729843
"329",3,10062,16025.3743200699,-2186282.1083801,8710047.84807365,15713717.8916199,-1085952.15192635,0.648439693065415,1,4.17494896464221
"330",3,10147,4196.14245433443,-2186282.1083801,8710047.84807365,15813717.8916199,-1209952.15192635,0.600381455195089,1,4.90203821717985
"331",3,10148,16025.3743200321,-2186282.1083801,8710047.84807365,15913717.8916199,-1209952.15192635,0.600381455195089,1,4.38746549415178
"332",3,10221,9759.35165498524,-2186282.1083801,8710047.84807365,12213717.8916199,-1333952.15192635,0.600381455195089,1,3.93752479584249
"333",3,10297,17146.453618527,-2186282.1083801,8710047.84807365,4313717.8916199,-1457952.15192635,0.548145832187015,1,4.19544477584365
"334",3,10298,17811.8194511507,-2186282.1083801,8710047.84807365,4413717.8916199,-1457952.15192635,0.548145832187015,1,4.19544477584365
"335",3,10473,17811.8194512028,-2186282.1083801,8710047.84807365,16413717.8916199,-1705952.15192635,0.532236657575276,1,4.62602108106169
"336",3,10545,10335.8061776166,-2186282.1083801,8710047.84807365,12213717.8916199,-1829952.15192635,0.600381455195089,1,4.17149290494094
"337",3,10561,13358.8645883484,-2186282.1083801,8710047.84807365,16313717.8916199,-1829952.15192635,0.648439693065415,1,4.04855602419827
"338",3,10654,13719.3597909806,-2186282.1083801,8710047.84807365,16313717.8916199,-1953952.15192635,0.648439693065415,1,4.04855602419827
"339",3,10656,6576.48655395402,-2186282.1083801,8710047.84807365,17513717.8916199,-1953952.15192635,0.532236657575276,1,4.39542033377579
"340",3,10723,9750.29939908765,-2186282.1083801,8710047.84807365,4613717.8916199,-2077952.15192635,0.648439693065415,1,3.46027138696511
"341",3,10751,1503.48298773609,-2186282.1083801,8710047.84807365,17313717.8916199,-2077952.15192635,0.532236657575276,1,4.39542033377579
"342",3,10752,6576.48655392107,-2186282.1083801,8710047.84807365,17413717.8916199,-2077952.15192635,0.55940664869498,1,4.71689049098686
"343",3,10753,13719.3597909605,-2186282.1083801,8710047.84807365,17513717.8916199,-2077952.15192635,0.648439693065415,1,4.71689049098686
"344",3,10845,4511.14073937634,-2186282.1083801,8710047.84807365,16413717.8916199,-2201952.15192635,0.64009913921698,1,4.21647328065851
"345",3,10846,17146.4536185294,-2186282.1083801,8710047.84807365,17213717.8916199,-2201952.15192635,0.55940664869498,1,4.71689049098686
"346",3,10847,6576.48655395253,-2186282.1083801,8710047.84807365,17313717.8916199,-2201952.15192635,0.55940664869498,1,4.71689049098686
"347",3,10903,12991.7407299029,-2186282.1083801,8710047.84807365,4413717.8916199,-2325952.15192635,0.648439693065415,1,3.43882209551664
"348",3,10934,13358.8645883862,-2186282.1083801,8710047.84807365,16413717.8916199,-2325952.15192635,0.55940664869498,1,4.85767168962144
"349",3,10989,4387.93039048679,-2186282.1083801,8710047.84807365,4413717.8916199,-2449952.15192635,0.648439693065415,1,3.48520987495374
"350",3,10993,8275.45348825639,-2186282.1083801,8710047.84807365,5513717.8916199,-2449952.15192635,0.596665346903024,1,3.91169674872286
"351",3,11079,10335.8061775723,-2186282.1083801,8710047.84807365,4413717.8916199,-2573952.15192635,0.648439693065415,1,3.41472605043522
"352",3,11116,15943.0382221633,-2186282.1083801,8710047.84807365,15813717.8916199,-2573952.15192635,0.648439693065415,1,4.72398818542846
"353",3,11117,15943.0382222076,-2186282.1083801,8710047.84807365,15913717.8916199,-2573952.15192635,0.596665346903024,1,4.39605290746757
"354",3,11171,11507.1326835181,-2186282.1083801,8710047.84807365,4413717.8916199,-2697952.15192635,0.648439693065415,1,3.47690462580454
"355",3,11473,0,-2186282.1083801,8710047.84807365,14413717.8916199,-3069952.15192635,0.600381455195089,1,4.01460561555059
"356",3,11474,8275.45348824662,-2186282.1083801,8710047.84807365,-6686282.1083801,-3193952.15192635,0.523615280126096,1,3.5130184219122
"357",3,11687,0,-2186282.1083801,8710047.84807365,12813717.8916199,-3441952.15192635,0.600381455195089,1,3.45681262065531
"358",3,11688,4655.77824846274,-2186282.1083801,8710047.84807365,12913717.8916199,-3441952.15192635,0.600381455195089,1,3.45681262065531
"359",3,11762,4511.14073937316,-2186282.1083801,8710047.84807365,12913717.8916199,-3565952.15192635,0.600381455195089,1,3.45318583673266
"360",3,11877,4655.77824845948,-2186282.1083801,8710047.84807365,10613717.8916199,-3813952.15192635,0.648439693065415,1,4.05490756868644
"361",3,11878,15244.2015155787,-2186282.1083801,8710047.84807365,10713717.8916199,-3813952.15192635,0.648439693065415,1,4.05490756868644
"362",3,11943,6576.48655390235,-2186282.1083801,8710047.84807365,10613717.8916199,-3937952.15192635,0.648439693065415,1,3.3010623122216
"363",3,11998,17811.8194510831,-2186282.1083801,8710047.84807365,10213717.8916199,-4061952.15192635,0.648439693065415,1,4.05490756868644
"364",3,12001,9750.29939892897,-2186282.1083801,8710047.84807365,10513717.8916199,-4061952.15192635,0.648439693065415,1,3.3010623122216
"365",3,12019,12276.1339082035,-2186282.1083801,8710047.84807365,13213717.8916199,-4061952.15192635,0.648439693065415,1,4.10365097850073
"366",3,12045,4815.92591558485,-2186282.1083801,8710047.84807365,10213717.8916199,-4185952.15192635,0.648439693065415,1,4.05490756868644
"367",3,12052,5689.71593742955,-2186282.1083801,8710047.84807365,12213717.8916199,-4185952.15192635,0.456114111989385,1,4.55551847065098
"368",3,12053,9750.29939905998,-2186282.1083801,8710047.84807365,12313717.8916199,-4185952.15192635,0.549072071851642,1,4.36912799987159
"369",3,12059,4511.14073941247,-2186282.1083801,8710047.84807365,12913717.8916199,-4185952.15192635,0.648439693065415,1,3.90072184097908
"370",3,12060,13719.3597909262,-2186282.1083801,8710047.84807365,13013717.8916199,-4185952.15192635,0.648439693065415,1,3.90072184097908
"371",3,12082,1503.48298777888,-2186282.1083801,8710047.84807365,12213717.8916199,-4309952.15192635,0.627294422944358,1,4.37475001649434
"372",3,12088,14701.9634124204,-2186282.1083801,8710047.84807365,12813717.8916199,-4309952.15192635,0.648439693065415,1,4.01328400601236
"373",3,12093,17811.8194511262,-2186282.1083801,8710047.84807365,13313717.8916199,-4309952.15192635,0.648439693065415,1,3.90072184097908
"374",3,12136,15244.2015155224,-2186282.1083801,8710047.84807365,12113717.8916199,-4557952.15192635,0.565982523939104,1,4.3973329849878
"375",3,12138,13811.3111868696,-2186282.1083801,8710047.84807365,12313717.8916199,-4557952.15192635,0.600381455195089,1,4.17094219418172
"376",3,12164,8905.90972560625,-2186282.1083801,8710047.84807365,12513717.8916199,-4681952.15192635,0.648439693065415,1,4.36980143316675
"377",3,12165,14701.9634124376,-2186282.1083801,8710047.84807365,12613717.8916199,-4681952.15192635,0.648439693065415,1,4.14064085870221
"378",4,361,16025.3743199682,-2086282.1083801,8710047.84807365,1113717.8916199,7842047.84807365,0.471728891925041,1,3.55003606746498
"379",4,483,1503.48298781854,-2086282.1083801,8710047.84807365,813717.891619898,7718047.84807365,0.451997137049208,1,3.51734520759854
"380",4,727,12988.2126952042,-2086282.1083801,8710047.84807365,9913717.8916199,7594047.84807365,0.257080511668882,1,4.0370334282703
"381",4,1591,10335.8061776081,-2086282.1083801,8710047.84807365,-10686282.1083801,6850047.84807365,0.451997137049208,1,3.76791332659398
"382",4,1753,4918.18289437468,-2086282.1083801,8710047.84807365,-9186282.1083801,6726047.84807365,0.451997137049208,1,3.4193703976521
"383",4,1900,9750.29939907495,-2086282.1083801,8710047.84807365,-10486282.1083801,6602047.84807365,0.451997137049208,1,3.49503882860692
"384",4,1901,11934.9845277014,-2086282.1083801,8710047.84807365,-10386282.1083801,6602047.84807365,0.451997137049208,1,3.67309569621398
"385",4,1902,13358.8645883484,-2086282.1083801,8710047.84807365,-10286282.1083801,6602047.84807365,0.451997137049208,1,3.82637106285035
"386",4,2051,13533.2582340781,-2086282.1083801,8710047.84807365,-9386282.1083801,6478047.84807365,0.451997137049208,1,3.64080968243115
"387",4,2052,8661.29557375464,-2086282.1083801,8710047.84807365,-9286282.1083801,6478047.84807365,0.451997137049208,1,3.64080968243115
"388",4,2198,8626.06221653086,-2086282.1083801,8710047.84807365,-11486282.1083801,6354047.84807365,0.171465276452009,1,3.43037263190111
"389",4,2199,17610.7276355926,-2086282.1083801,8710047.84807365,-9386282.1083801,6354047.84807365,0.451997137049208,1,3.64080968243115
"390",4,2356,10335.8061775526,-2086282.1083801,8710047.84807365,11513717.8916199,6354047.84807365,0.352166794636731,1,3.80555146474948
"391",4,2361,13358.8645883565,-2086282.1083801,8710047.84807365,-9686282.1083801,6230047.84807365,0.451997137049208,1,3.71001078106629
"392",4,2362,9750.29939907804,-2086282.1083801,8710047.84807365,-9586282.1083801,6230047.84807365,0.451997137049208,1,3.49807008223629
"393",4,2363,16888.01295842,-2086282.1083801,8710047.84807365,-9486282.1083801,6230047.84807365,0.451997137049208,1,3.49807008223629
"394",4,2531,6576.4865539482,-2086282.1083801,8710047.84807365,-9686282.1083801,6106047.84807365,0.451997137049208,1,3.71001078106629
"395",4,2932,12991.7407298621,-2086282.1083801,8710047.84807365,-4186282.1083801,5858047.84807365,0.376357559280505,1,3.66356337985799
"396",4,3048,4196.14245429022,-2086282.1083801,8710047.84807365,11813717.8916199,5858047.84807365,0.0084831039385479,1,2.96828536177005
"397",4,3097,16025.3743200622,-2086282.1083801,8710047.84807365,-4786282.1083801,5734047.84807365,0.376357559280505,1,3.16293639911972
"398",4,3439,17146.4536185038,-2086282.1083801,8710047.84807365,-4286282.1083801,5486047.84807365,0.376357559280505,1,3.37212542684302
"399",4,3554,0,-2086282.1083801,8710047.84807365,12013717.8916199,5486047.84807365,0.171465276452009,1,3.98316495311019
"400",4,3717,10335.8061776102,-2086282.1083801,8710047.84807365,11913717.8916199,5362047.84807365,0.0084831039385479,1,3.01579909240047
"401",4,5275,17146.4536185134,-2086282.1083801,8710047.84807365,-1586282.1083801,3998047.84807365,0.530631181388248,1,4.04353000154021
"402",4,5838,14776.6777241651,-2086282.1083801,8710047.84807365,11213717.8916199,3626047.84807365,0.180796303057171,1,3.34839714625088
"403",4,5988,10335.8061776453,-2086282.1083801,8710047.84807365,12013717.8916199,3502047.84807365,0.600381455195089,1,4.31586108652829
"404",4,6011,13719.3597909989,-2086282.1083801,8710047.84807365,-1586282.1083801,3378047.84807365,0.500055374919535,1,3.86716139609834
"405",4,6012,4815.92591558783,-2086282.1083801,8710047.84807365,-1486282.1083801,3378047.84807365,0.500055374919535,1,3.99575509508468
"406",4,6288,15244.2015155593,-2086282.1083801,8710047.84807365,-10386282.1083801,3130047.84807365,0.551644020028799,1,4.28275191108852
"407",4,6837,16888.0129583734,-2086282.1083801,8710047.84807365,11113717.8916199,2758047.84807365,0.180796303057171,1,4.04742112635078
"408",4,6842,13533.2582341117,-2086282.1083801,8710047.84807365,-10186282.1083801,2634047.84807365,0.62125533480748,1,Inf
"409",4,7480,4196.14245427948,-2086282.1083801,8710047.84807365,-5986282.1083801,2014047.84807365,0.600381455195089,1,4.40415805216977
"410",4,7691,12276.1339082187,-2086282.1083801,8710047.84807365,-5986282.1083801,1766047.84807365,0.637820364060153,1,3.8616962378576
"411",4,7861,8661.29557369313,-2086282.1083801,8710047.84807365,9113717.8916199,1642047.84807365,0.600381455195089,1,3.29976098457616
"412",4,7950,5689.71593741043,-2086282.1083801,8710047.84807365,5313717.8916199,1518047.84807365,0.637150354469047,1,3.83799673101431
"413",4,7958,7911.6062512077,-2086282.1083801,8710047.84807365,9213717.8916199,1518047.84807365,0.456114111989385,1,4.48484944065487
"414",4,8061,17146.4536184729,-2086282.1083801,8710047.84807365,9213717.8916199,1394047.84807365,0.600381455195089,1,4.48484944065487
"415",4,8277,14776.6777241742,-2086282.1083801,8710047.84807365,12313717.8916199,1146047.84807365,0.600381455195089,1,4.6459472861326
"416",4,8378,8661.29557375245,-2086282.1083801,8710047.84807365,10413717.8916199,1022047.84807365,0.600381455195089,1,3.19161050614709
"417",4,8476,5830.4513862648,-2086282.1083801,8710047.84807365,9313717.8916199,898047.84807365,0.600381455195089,1,4.08466762709927
"418",4,8586,8905.90972558672,-2086282.1083801,8710047.84807365,12213717.8916199,774047.84807365,0.600381455195089,1,3.98445766635208
"419",4,8684,17146.453618472,-2086282.1083801,8710047.84807365,12013717.8916199,650047.84807365,0.492502832576115,1,3.61547894347519
"420",4,8766,14701.9634124802,-2086282.1083801,8710047.84807365,10013717.8916199,526047.84807365,0.600381455195089,1,4.0767031812437
"421",4,9131,4815.92591556339,-2086282.1083801,8710047.84807365,13013717.8916199,30047.8480736502,0.623358963612281,1,4.48858629822641
"422",4,9220,5830.45138623544,-2086282.1083801,8710047.84807365,12113717.8916199,-93952.1519263498,0.648439693065415,1,4.32641004846777
"423",4,9223,10335.8061776049,-2086282.1083801,8710047.84807365,12713717.8916199,-93952.1519263498,0.595949012677471,1,3.99491298612266
"424",4,9320,12276.1339082546,-2086282.1083801,8710047.84807365,12313717.8916199,-217952.15192635,0.600381455195089,1,3.71692448655593
"425",4,9444,8905.90972558672,-2086282.1083801,8710047.84807365,15013717.8916199,-341952.15192635,0.627854049148612,1,4.33001075521193
"426",4,9552,16025.3743200605,-2086282.1083801,8710047.84807365,14513717.8916199,-465952.15192635,0.600381455195089,1,3.83872992531924
"427",4,9632,0,-2086282.1083801,8710047.84807365,5613717.8916199,-589952.15192635,0.589973663953293,1,3.85282392970828
"428",4,9732,4452.95486282268,-2086282.1083801,8710047.84807365,10213717.8916199,-713952.15192635,0.537993253351283,1,Inf
"429",4,9760,13719.3597910085,-2086282.1083801,8710047.84807365,15413717.8916199,-713952.15192635,0.600381455195089,1,3.83856759268618
"430",4,9959,4655.77824846553,-2086282.1083801,8710047.84807365,15613717.8916199,-961952.15192635,0.581500378252375,1,4.41769860085569
"431",4,9961,16888.0129583132,-2086282.1083801,8710047.84807365,15813717.8916199,-961952.15192635,0.648439693065415,1,4.43870031852105
"432",4,10055,5689.71593739663,-2086282.1083801,8710047.84807365,14513717.8916199,-1085952.15192635,0.600381455195089,1,4.25431553729843
"433",4,10062,17146.4536185406,-2086282.1083801,8710047.84807365,15713717.8916199,-1085952.15192635,0.648439693065415,1,4.17494896464221
"434",4,10147,8275.45348830494,-2086282.1083801,8710047.84807365,15813717.8916199,-1209952.15192635,0.600381455195089,1,4.90203821717985
"435",4,10148,13719.3597909664,-2086282.1083801,8710047.84807365,15913717.8916199,-1209952.15192635,0.600381455195089,1,4.38746549415178
"436",4,10221,14776.6777241656,-2086282.1083801,8710047.84807365,12213717.8916199,-1333952.15192635,0.600381455195089,1,3.93752479584249
"437",4,10297,16025.3743200597,-2086282.1083801,8710047.84807365,4313717.8916199,-1457952.15192635,0.548145832187015,1,4.19544477584365
"438",4,10298,15244.2015156035,-2086282.1083801,8710047.84807365,4413717.8916199,-1457952.15192635,0.548145832187015,1,4.19544477584365
"439",4,10473,15244.2015155814,-2086282.1083801,8710047.84807365,16413717.8916199,-1705952.15192635,0.532236657575276,1,4.62602108106169
"440",4,10545,15943.0382221979,-2086282.1083801,8710047.84807365,12213717.8916199,-1829952.15192635,0.600381455195089,1,4.17149290494094
"441",4,10561,9750.299399134,-2086282.1083801,8710047.84807365,16313717.8916199,-1829952.15192635,0.648439693065415,1,4.04855602419827
"442",4,10654,16025.3743200228,-2086282.1083801,8710047.84807365,16313717.8916199,-1953952.15192635,0.648439693065415,1,4.04855602419827
"443",4,10656,1503.48298782579,-2086282.1083801,8710047.84807365,17513717.8916199,-1953952.15192635,0.532236657575276,1,4.39542033377579
"444",4,10723,4387.93039051561,-2086282.1083801,8710047.84807365,4613717.8916199,-2077952.15192635,0.648439693065415,1,3.46027138696511
"445",4,10751,6576.48655388816,-2086282.1083801,8710047.84807365,17313717.8916199,-2077952.15192635,0.532236657575276,1,4.39542033377579
"446",4,10752,8905.90972555415,-2086282.1083801,8710047.84807365,17413717.8916199,-2077952.15192635,0.55940664869498,1,4.71689049098686
"447",4,10753,16025.3743200363,-2086282.1083801,8710047.84807365,17513717.8916199,-2077952.15192635,0.648439693065415,1,4.71689049098686
"448",4,10845,4815.92591558017,-2086282.1083801,8710047.84807365,16413717.8916199,-2201952.15192635,0.64009913921698,1,4.21647328065851
"449",4,10846,14701.9634124847,-2086282.1083801,8710047.84807365,17213717.8916199,-2201952.15192635,0.55940664869498,1,4.71689049098686
"450",4,10847,8905.90972555415,-2086282.1083801,8710047.84807365,17313717.8916199,-2201952.15192635,0.55940664869498,1,4.71689049098686
"451",4,10903,8661.29557376855,-2086282.1083801,8710047.84807365,4413717.8916199,-2325952.15192635,0.648439693065415,1,3.43882209551664
"452",4,10934,14701.9634124425,-2086282.1083801,8710047.84807365,16413717.8916199,-2325952.15192635,0.55940664869498,1,4.85767168962144
"453",4,10989,6795.98787548315,-2086282.1083801,8710047.84807365,4413717.8916199,-2449952.15192635,0.648439693065415,1,3.48520987495374
"454",4,10993,8275.45348825555,-2086282.1083801,8710047.84807365,5513717.8916199,-2449952.15192635,0.596665346903024,1,3.91169674872286
"455",4,11079,8661.29557371898,-2086282.1083801,8710047.84807365,4413717.8916199,-2573952.15192635,0.648439693065415,1,3.41472605043522
"456",4,11116,10335.806177585,-2086282.1083801,8710047.84807365,15813717.8916199,-2573952.15192635,0.648439693065415,1,4.72398818542846
"457",4,11117,15943.0382221485,-2086282.1083801,8710047.84807365,15913717.8916199,-2573952.15192635,0.596665346903024,1,4.39605290746757
"458",4,11171,13533.2582340398,-2086282.1083801,8710047.84807365,4413717.8916199,-2697952.15192635,0.648439693065415,1,3.47690462580454
"459",4,11473,5689.71593738572,-2086282.1083801,8710047.84807365,14413717.8916199,-3069952.15192635,0.600381455195089,1,4.01460561555059
"460",4,11474,8275.45348825513,-2086282.1083801,8710047.84807365,-6686282.1083801,-3193952.15192635,0.523615280126096,1,3.5130184219122
"461",4,11687,5689.71593742135,-2086282.1083801,8710047.84807365,12813717.8916199,-3441952.15192635,0.600381455195089,1,3.45681262065531
"462",4,11688,4918.18289437497,-2086282.1083801,8710047.84807365,12913717.8916199,-3441952.15192635,0.600381455195089,1,3.45681262065531
"463",4,11762,4815.92591558487,-2086282.1083801,8710047.84807365,12913717.8916199,-3565952.15192635,0.600381455195089,1,3.45318583673266
"464",4,11877,4452.95486275509,-2086282.1083801,8710047.84807365,10613717.8916199,-3813952.15192635,0.648439693065415,1,4.05490756868644
"465",4,11878,17811.8194511303,-2086282.1083801,8710047.84807365,10713717.8916199,-3813952.15192635,0.648439693065415,1,4.05490756868644
"466",4,11943,8905.909725511,-2086282.1083801,8710047.84807365,10613717.8916199,-3937952.15192635,0.648439693065415,1,3.3010623122216
"467",4,11998,12991.7407299748,-2086282.1083801,8710047.84807365,10213717.8916199,-4061952.15192635,0.648439693065415,1,4.05490756868644
"468",4,12001,13358.8645883565,-2086282.1083801,8710047.84807365,10513717.8916199,-4061952.15192635,0.648439693065415,1,3.3010623122216
"469",4,12019,12276.1339084116,-2086282.1083801,8710047.84807365,13213717.8916199,-4061952.15192635,0.648439693065415,1,4.10365097850073
"470",4,12045,4511.14073938,-2086282.1083801,8710047.84807365,10213717.8916199,-4185952.15192635,0.648439693065415,1,4.05490756868644
"471",4,12052,9210.66974242318,-2086282.1083801,8710047.84807365,12213717.8916199,-4185952.15192635,0.456114111989385,1,4.55551847065098
"472",4,12053,4387.93039051605,-2086282.1083801,8710047.84807365,12313717.8916199,-4185952.15192635,0.549072071851642,1,4.36912799987159
"473",4,12059,4815.92591555771,-2086282.1083801,8710047.84807365,12913717.8916199,-4185952.15192635,0.648439693065415,1,3.90072184097908
"474",4,12060,13719.3597909619,-2086282.1083801,8710047.84807365,13013717.8916199,-4185952.15192635,0.648439693065415,1,3.90072184097908
"475",4,12082,6576.48655394209,-2086282.1083801,8710047.84807365,12213717.8916199,-4309952.15192635,0.627294422944358,1,4.37475001649434
"476",4,12088,13358.8645883516,-2086282.1083801,8710047.84807365,12813717.8916199,-4309952.15192635,0.648439693065415,1,4.01328400601236
"477",4,12093,12991.7407298677,-2086282.1083801,8710047.84807365,13313717.8916199,-4309952.15192635,0.648439693065415,1,3.90072184097908
"478",4,12136,12988.2126951813,-2086282.1083801,8710047.84807365,12113717.8916199,-4557952.15192635,0.565982523939104,1,4.3973329849878
"479",4,12138,16888.0129583711,-2086282.1083801,8710047.84807365,12313717.8916199,-4557952.15192635,0.600381455195089,1,4.17094219418172
"480",4,12164,6576.48655393017,-2086282.1083801,8710047.84807365,12513717.8916199,-4681952.15192635,0.648439693065415,1,4.36980143316675
"481",4,12165,17146.4536185696,-2086282.1083801,8710047.84807365,12613717.8916199,-4681952.15192635,0.648439693065415,1,4.14064085870221
"482",5,361,13719.3597910551,-1986282.1083801,8710047.84807365,1113717.8916199,7842047.84807365,0.471728891925041,1,3.55003606746498
"483",5,483,4196.14245414276,-1986282.1083801,8710047.84807365,813717.891619898,7718047.84807365,0.451997137049208,1,3.51734520759854
"484",5,727,13811.3111867956,-1986282.1083801,8710047.84807365,9913717.8916199,7594047.84807365,0.257080511668882,1,4.0370334282703
"485",5,1591,15943.0382220495,-1986282.1083801,8710047.84807365,-10686282.1083801,6850047.84807365,0.451997137049208,1,3.76791332659398
"486",5,1753,4815.92591557843,-1986282.1083801,8710047.84807365,-9186282.1083801,6726047.84807365,0.451997137049208,1,3.4193703976521
"487",5,1900,4387.93039060323,-1986282.1083801,8710047.84807365,-10486282.1083801,6602047.84807365,0.451997137049208,1,3.49503882860692
"488",5,1901,8905.90972561314,-1986282.1083801,8710047.84807365,-10386282.1083801,6602047.84807365,0.451997137049208,1,3.67309569621398
"489",5,1902,9750.29939914447,-1986282.1083801,8710047.84807365,-10286282.1083801,6602047.84807365,0.451997137049208,1,3.82637106285035
"490",5,2051,8626.06221683642,-1986282.1083801,8710047.84807365,-9386282.1083801,6478047.84807365,0.451997137049208,1,3.64080968243115
"491",5,2052,12991.7407296428,-1986282.1083801,8710047.84807365,-9286282.1083801,6478047.84807365,0.451997137049208,1,3.64080968243115
"492",5,2198,13533.2582339565,-1986282.1083801,8710047.84807365,-11486282.1083801,6354047.84807365,0.171465276452009,1,3.43037263190111
"493",5,2199,14776.6777243478,-1986282.1083801,8710047.84807365,-9386282.1083801,6354047.84807365,0.451997137049208,1,3.64080968243115
"494",5,2356,8661.29557365407,-1986282.1083801,8710047.84807365,11513717.8916199,6354047.84807365,0.352166794636731,1,3.80555146474948
"495",5,2361,9750.29939918355,-1986282.1083801,8710047.84807365,-9686282.1083801,6230047.84807365,0.451997137049208,1,3.71001078106629
"496",5,2362,13358.8645883565,-1986282.1083801,8710047.84807365,-9586282.1083801,6230047.84807365,0.451997137049208,1,3.49807008223629
"497",5,2363,16888.0129584277,-1986282.1083801,8710047.84807365,-9486282.1083801,6230047.84807365,0.451997137049208,1,3.49807008223629
"498",5,2531,1503.48298796454,-1986282.1083801,8710047.84807365,-9686282.1083801,6106047.84807365,0.451997137049208,1,3.71001078106629
"499",5,2932,17811.8194511148,-1986282.1083801,8710047.84807365,-4186282.1083801,5858047.84807365,0.376357559280505,1,3.66356337985799
"500",5,3048,1503.48298766883,-1986282.1083801,8710047.84807365,11813717.8916199,5858047.84807365,0.0084831039385479,1,2.96828536177005
"501",5,3097,17146.4536185265,-1986282.1083801,8710047.84807365,-4786282.1083801,5734047.84807365,0.376357559280505,1,3.16293639911972
"502",5,3439,14701.9634125294,-1986282.1083801,8710047.84807365,-4286282.1083801,5486047.84807365,0.376357559280505,1,3.37212542684302
"503",5,3554,5689.71593728251,-1986282.1083801,8710047.84807365,12013717.8916199,5486047.84807365,0.171465276452009,1,3.98316495311019
"504",5,3717,8661.29557371021,-1986282.1083801,8710047.84807365,11913717.8916199,5362047.84807365,0.0084831039385479,1,3.01579909240047
"505",5,5275,14701.9634125348,-1986282.1083801,8710047.84807365,-1586282.1083801,3998047.84807365,0.530631181388248,1,4.04353000154021
"506",5,5838,17610.7276356694,-1986282.1083801,8710047.84807365,11213717.8916199,3626047.84807365,0.180796303057171,1,3.34839714625088
"507",5,5988,8661.29557366561,-1986282.1083801,8710047.84807365,12013717.8916199,3502047.84807365,0.600381455195089,1,4.31586108652829
"508",5,6011,16025.3743199903,-1986282.1083801,8710047.84807365,-1586282.1083801,3378047.84807365,0.500055374919535,1,3.86716139609834
"509",5,6012,4918.18289441457,-1986282.1083801,8710047.84807365,-1486282.1083801,3378047.84807365,0.500055374919535,1,3.99575509508468
"510",5,6288,12988.2126952338,-1986282.1083801,8710047.84807365,-10386282.1083801,3130047.84807365,0.551644020028799,1,4.28275191108852
"511",5,6837,13811.3111869222,-1986282.1083801,8710047.84807365,11113717.8916199,2758047.84807365,0.180796303057171,1,4.04742112635078
"512",5,6842,11507.1326837972,-1986282.1083801,8710047.84807365,-10186282.1083801,2634047.84807365,0.62125533480748,1,Inf
"513",5,7480,8275.45348818305,-1986282.1083801,8710047.84807365,-5986282.1083801,2014047.84807365,0.600381455195089,1,4.40415805216977
"514",5,7691,12276.1339083581,-1986282.1083801,8710047.84807365,-5986282.1083801,1766047.84807365,0.637820364060153,1,3.8616962378576
"515",5,7861,12991.7407296358,-1986282.1083801,8710047.84807365,9113717.8916199,1642047.84807365,0.600381455195089,1,3.29976098457616
"516",5,7950,0,-1986282.1083801,8710047.84807365,5313717.8916199,1518047.84807365,0.637150354469047,1,3.83799673101431
"517",5,7958,2954.39337591237,-1986282.1083801,8710047.84807365,9213717.8916199,1518047.84807365,0.456114111989385,1,4.48484944065487
"518",5,8061,16025.3743200974,-1986282.1083801,8710047.84807365,9213717.8916199,1394047.84807365,0.600381455195089,1,4.48484944065487
"519",5,8277,17610.7276356767,-1986282.1083801,8710047.84807365,12313717.8916199,1146047.84807365,0.600381455195089,1,4.6459472861326
"520",5,8378,10335.8061775055,-1986282.1083801,8710047.84807365,10413717.8916199,1022047.84807365,0.600381455195089,1,3.19161050614709
"521",5,8476,5830.45138614587,-1986282.1083801,8710047.84807365,9313717.8916199,898047.84807365,0.600381455195089,1,4.08466762709927
"522",5,8586,11934.9845275604,-1986282.1083801,8710047.84807365,12213717.8916199,774047.84807365,0.600381455195089,1,3.98445766635208
"523",5,8684,14701.9634125248,-1986282.1083801,8710047.84807365,12013717.8916199,650047.84807365,0.492502832576115,1,3.61547894347519
"524",5,8766,17146.4536184458,-1986282.1083801,8710047.84807365,10013717.8916199,526047.84807365,0.600381455195089,1,4.0767031812437
"525",5,9131,4918.18289436366,-1986282.1083801,8710047.84807365,13013717.8916199,30047.8480736502,0.623358963612281,1,4.48858629822641
"526",5,9220,5830.45138613153,-1986282.1083801,8710047.84807365,12113717.8916199,-93952.1519263498,0.648439693065415,1,4.32641004846777
"527",5,9223,15943.038222041,-1986282.1083801,8710047.84807365,12713717.8916199,-93952.1519263498,0.595949012677471,1,3.99491298612266
"528",5,9320,12276.1339082758,-1986282.1083801,8710047.84807365,12313717.8916199,-217952.15192635,0.600381455195089,1,3.71692448655593
"529",5,9444,11934.9845276094,-1986282.1083801,8710047.84807365,15013717.8916199,-341952.15192635,0.627854049148612,1,4.33001075521193
"530",5,9552,13719.3597910543,-1986282.1083801,8710047.84807365,14513717.8916199,-465952.15192635,0.600381455195089,1,3.83872992531924
"531",5,9632,5689.7159373356,-1986282.1083801,8710047.84807365,5613717.8916199,-589952.15192635,0.589973663953293,1,3.85282392970828
"532",5,9732,8626.06221641569,-1986282.1083801,8710047.84807365,10213717.8916199,-713952.15192635,0.537993253351283,1,Inf
"533",5,9760,16025.3743199932,-1986282.1083801,8710047.84807365,15413717.8916199,-713952.15192635,0.600381455195089,1,3.83856759268618
"534",5,9959,4452.95486278114,-1986282.1083801,8710047.84807365,15613717.8916199,-961952.15192635,0.581500378252375,1,4.41769860085569
"535",5,9961,16888.0129584674,-1986282.1083801,8710047.84807365,15813717.8916199,-961952.15192635,0.648439693065415,1,4.43870031852105
"536",5,10055,0,-1986282.1083801,8710047.84807365,14513717.8916199,-1085952.15192635,0.600381455195089,1,4.25431553729843
"537",5,10062,16025.3743201376,-1986282.1083801,8710047.84807365,15713717.8916199,-1085952.15192635,0.648439693065415,1,4.17494896464221
"538",5,10147,4196.1424544648,-1986282.1083801,8710047.84807365,15813717.8916199,-1209952.15192635,0.600381455195089,1,4.90203821717985
"539",5,10148,16025.3743199644,-1986282.1083801,8710047.84807365,15913717.8916199,-1209952.15192635,0.600381455195089,1,4.38746549415178
"540",5,10221,9759.35165506695,-1986282.1083801,8710047.84807365,12213717.8916199,-1333952.15192635,0.600381455195089,1,3.93752479584249
"541",5,10297,17146.4536185629,-1986282.1083801,8710047.84807365,4313717.8916199,-1457952.15192635,0.548145832187015,1,4.19544477584365
"542",5,10298,17811.8194511507,-1986282.1083801,8710047.84807365,4413717.8916199,-1457952.15192635,0.548145832187015,1,4.19544477584365
"543",5,10473,17811.8194512028,-1986282.1083801,8710047.84807365,16413717.8916199,-1705952.15192635,0.532236657575276,1,4.62602108106169
"544",5,10545,10335.8061777316,-1986282.1083801,8710047.84807365,12213717.8916199,-1829952.15192635,0.600381455195089,1,4.17149290494094
"545",5,10561,13358.8645883484,-1986282.1083801,8710047.84807365,16313717.8916199,-1829952.15192635,0.648439693065415,1,4.04855602419827
"546",5,10654,13719.359791016,-1986282.1083801,8710047.84807365,16313717.8916199,-1953952.15192635,0.648439693065415,1,4.04855602419827
"547",5,10656,6576.48655384835,-1986282.1083801,8710047.84807365,17513717.8916199,-1953952.15192635,0.532236657575276,1,4.39542033377579
"548",5,10723,9750.29939894309,-1986282.1083801,8710047.84807365,4613717.8916199,-2077952.15192635,0.648439693065415,1,3.46027138696511
"549",5,10751,1503.48298787089,-1986282.1083801,8710047.84807365,17313717.8916199,-2077952.15192635,0.532236657575276,1,4.39542033377579
"550",5,10752,6576.48655402674,-1986282.1083801,8710047.84807365,17413717.8916199,-2077952.15192635,0.55940664869498,1,4.71689049098686
"551",5,10753,13719.3597909959,-1986282.1083801,8710047.84807365,17513717.8916199,-2077952.15192635,0.648439693065415,1,4.71689049098686
"552",5,10845,4511.14073938191,-1986282.1083801,8710047.84807365,16413717.8916199,-2201952.15192635,0.64009913921698,1,4.21647328065851
"553",5,10846,17146.4536184935,-1986282.1083801,8710047.84807365,17213717.8916199,-2201952.15192635,0.55940664869498,1,4.71689049098686
"554",5,10847,6576.4865540582,-1986282.1083801,8710047.84807365,17313717.8916199,-2201952.15192635,0.55940664869498,1,4.71689049098686
"555",5,10903,12991.7407297567,-1986282.1083801,8710047.84807365,4413717.8916199,-2325952.15192635,0.648439693065415,1,3.43882209551664
"556",5,10934,13358.8645883862,-1986282.1083801,8710047.84807365,16413717.8916199,-2325952.15192635,0.55940664869498,1,4.85767168962144
"557",5,10989,4387.93039040779,-1986282.1083801,8710047.84807365,4413717.8916199,-2449952.15192635,0.648439693065415,1,3.48520987495374
"558",5,10993,8275.45348831784,-1986282.1083801,8710047.84807365,5513717.8916199,-2449952.15192635,0.596665346903024,1,3.91169674872286
"559",5,11079,10335.8061774573,-1986282.1083801,8710047.84807365,4413717.8916199,-2573952.15192635,0.648439693065415,1,3.41472605043522
"560",5,11116,15943.0382220209,-1986282.1083801,8710047.84807365,15813717.8916199,-2573952.15192635,0.648439693065415,1,4.72398818542846
"561",5,11117,15943.03822235,-1986282.1083801,8710047.84807365,15913717.8916199,-2573952.15192635,0.596665346903024,1,4.39605290746757
"562",5,11171,11507.1326836504,-1986282.1083801,8710047.84807365,4413717.8916199,-2697952.15192635,0.648439693065415,1,3.47690462580454
"563",5,11473,0,-1986282.1083801,8710047.84807365,14413717.8916199,-3069952.15192635,0.600381455195089,1,4.01460561555059
"564",5,11474,8275.45348830807,-1986282.1083801,8710047.84807365,-6686282.1083801,-3193952.15192635,0.523615280126096,1,3.5130184219122
"565",5,11687,0,-1986282.1083801,8710047.84807365,12813717.8916199,-3441952.15192635,0.600381455195089,1,3.45681262065531
"566",5,11688,4655.77824847106,-1986282.1083801,8710047.84807365,12913717.8916199,-3441952.15192635,0.600381455195089,1,3.45681262065531
"567",5,11762,4511.14073937873,-1986282.1083801,8710047.84807365,12913717.8916199,-3565952.15192635,0.600381455195089,1,3.45318583673266
"568",5,11877,4655.77824845116,-1986282.1083801,8710047.84807365,10613717.8916199,-3813952.15192635,0.648439693065415,1,4.05490756868644
"569",5,11878,15244.2015156603,-1986282.1083801,8710047.84807365,10713717.8916199,-3813952.15192635,0.648439693065415,1,4.05490756868644
"570",5,11943,6576.48655400802,-1986282.1083801,8710047.84807365,10613717.8916199,-3937952.15192635,0.648439693065415,1,3.3010623122216
"571",5,11998,17811.8194510831,-1986282.1083801,8710047.84807365,10213717.8916199,-4061952.15192635,0.648439693065415,1,4.05490756868644
"572",5,12001,9750.29939907352,-1986282.1083801,8710047.84807365,10513717.8916199,-4061952.15192635,0.648439693065415,1,3.3010623122216
"573",5,12019,12276.133908304,-1986282.1083801,8710047.84807365,13213717.8916199,-4061952.15192635,0.648439693065415,1,4.10365097850073
"574",5,12045,4815.92591557773,-1986282.1083801,8710047.84807365,10213717.8916199,-4185952.15192635,0.648439693065415,1,4.05490756868644
"575",5,12052,5689.71593755693,-1986282.1083801,8710047.84807365,12213717.8916199,-4185952.15192635,0.456114111989385,1,4.55551847065098
"576",5,12053,9750.29939891542,-1986282.1083801,8710047.84807365,12313717.8916199,-4185952.15192635,0.549072071851642,1,4.36912799987159
"577",5,12059,4511.14073941805,-1986282.1083801,8710047.84807365,12913717.8916199,-4185952.15192635,0.648439693065415,1,3.90072184097908
"578",5,12060,13719.3597908909,-1986282.1083801,8710047.84807365,13013717.8916199,-4185952.15192635,0.648439693065415,1,3.90072184097908
"579",5,12082,1503.48298791368,-1986282.1083801,8710047.84807365,12213717.8916199,-4309952.15192635,0.627294422944358,1,4.37475001649434
"580",5,12088,14701.9634123594,-1986282.1083801,8710047.84807365,12813717.8916199,-4309952.15192635,0.648439693065415,1,4.01328400601236
"581",5,12093,17811.8194511262,-1986282.1083801,8710047.84807365,13313717.8916199,-4309952.15192635,0.648439693065415,1,3.90072184097908
"582",5,12136,15244.2015154408,-1986282.1083801,8710047.84807365,12113717.8916199,-4557952.15192635,0.565982523939104,1,4.3973329849878
"583",5,12138,13811.3111869288,-1986282.1083801,8710047.84807365,12313717.8916199,-4557952.15192635,0.600381455195089,1,4.17094219418172
"584",5,12164,8905.90972560625,-1986282.1083801,8710047.84807365,12513717.8916199,-4681952.15192635,0.648439693065415,1,4.36980143316675
"585",5,12165,14701.9634124986,-1986282.1083801,8710047.84807365,12613717.8916199,-4681952.15192635,0.648439693065415,1,4.14064085870221
